{"stat.damageDealt":1015,"achievement.exploreAllBiomes":{"value":0,"progress":["Forest","Desert","Extreme Hills","Ocean","Plains","Beach","Savanna","River","Extreme Hills Edge"]},"achievement.openInventory":121,"stat.climbOneCm":658,"stat.killEntity.EntityHorse":3,"stat.fallOneCm":9449,"stat.flyOneCm":5433155,"stat.drop":4,"stat.damageTaken":400,"stat.playOneMinute":392167,"stat.leaveGame":2,"stat.diveOneCm":9239,"stat.walkOneCm":1189073,"stat.jump":3875,"stat.swimOneCm":3585,"stat.mobKills":4,"stat.horseOneCm":1827,"stat.killEntity.Squid":1}